,driverId,forename,surname,nationality,races,points,laps,podium,win,pole,fastestLap,titles
0,1,Lewis,Hamilton,British,291,4191.5,16600,183,103,103,59,7
1,2,Nick,Heidfeld,German,184,259,9699,13,0,1,2,0
2,3,Nico,Rosberg,German,206,1594.5,11159,57,23,30,20,1
3,4,Fernando,Alonso,Spanish,339,1982,18184,98,32,22,22,3
4,5,Heikki,Kovalainen,Finnish,112,105,5975,4,1,1,2,0
5,6,Kazuki,Nakajima,Japanese,36,9,1972,0,0,0,0,0
6,7,Sébastien,Bourdais,French,27,6,1279,0,0,0,0,0
7,8,Kimi,Räikkönen,Finnish,352,1873,18618,103,21,18,42,0
8,9,Robert,Kubica,Polish,99,274,5505,12,1,1,1,0
9,10,Timo,Glock,German,95,51,4756,3,0,0,1,0
10,11,Takuma,Sato,Japanese,91,44,4484,1,0,0,0,0
11,12,Nelson,Piquet Jr.,Brazilian,28,19,1267,1,0,0,0,0
12,13,Felipe,Massa,Brazilian,271,1167,14852,41,11,16,15,0
13,14,David,Coulthard,British,247,535,12394,62,13,12,0,1
14,15,Jarno,Trulli,Italian,256,246.5,12373,11,1,4,1,0
15,16,Adrian,Sutil,German,128,124,6022,0,0,0,1,0
16,17,Mark,Webber,Australian,217,1047.5,10978,42,9,13,19,1
17,18,Jenson,Button,British,309,1235,16274,50,15,8,8,1
18,19,Anthony,Davidson,British,24,0,1061,0,0,0,0,0
19,20,Sebastian,Vettel,German,281,3061,15347,122,53,57,38,4
20,21,Giancarlo,Fisichella,Italian,231,275,11499,19,3,4,1,0
21,22,Rubens,Barrichello,Brazilian,326,658,16642,68,11,14,6,0
22,23,Ralf,Schumacher,German,180,329,9166,27,6,6,1,0
23,24,Vitantonio,Liuzzi,Italian,81,26,3801,0,0,0,0,0
24,25,Alexander,Wurz,Austrian,69,45,3471,3,0,0,0,0
25,26,Scott,Speed,American,28,0,1285,0,0,0,0,0
26,27,Christijan,Albers,Dutch,46,4,2193,0,0,0,0,0
27,28,Markus,Winkelhock,German,1,0,13,0,0,0,0,0
28,29,Sakon,Yamamoto,Japanese,21,0,820,0,0,0,0,0
29,30,Michael,Schumacher,German,308,1566,16824,155,91,68,21,7
30,31,Juan,Pablo Montoya,Colombian,95,307,4918,30,7,13,3,0
31,32,Christian,Klien,Austrian,51,14,2331,0,0,0,0,0
32,33,Tiago,Monteiro,Portuguese,37,7,2009,1,0,0,0,0
33,34,Yuji,Ide,Japanese,4,0,145,0,0,0,0,0
34,35,Jacques,Villeneuve,Canadian,165,235,8314,23,11,13,0,0
35,36,Franck,Montagny,French,7,0,240,0,0,0,0,0
36,37,Pedro,de la Rosa,Spanish,107,35,4519,1,0,0,1,0
37,38,Robert,Doornbos,Dutch,11,0,553,0,0,0,0,0
38,39,Narain,Karthikeyan,Indian,48,5,2244,0,0,0,0,0
39,40,Patrick,Friesacher,Austrian,11,3,414,0,0,0,0,0
40,41,Ricardo,Zonta,Brazilian,38,3,1716,0,0,0,0,0
41,42,Antônio,Pizzonia,Brazilian,20,8,856,0,0,0,0,0
42,43,Cristiano,da Matta,Brazilian,28,13,1484,0,0,0,0,0
43,44,Olivier,Panis,French,158,76,7717,5,1,0,0,0
44,45,Giorgio,Pantano,Italian,14,0,549,0,0,0,0,0
45,46,Gianmaria,Bruni,Italian,18,0,737,0,0,0,0,0
46,47,Zsolt,Baumgartner,Hungarian,20,1,959,0,0,0,0,0
47,48,Marc,Gené,Spanish,36,5,1738,0,0,0,0,0
48,49,Heinz-Harald,Frentzen,German,159,174,7341,18,3,2,0,0
49,50,Jos,Verstappen,Dutch,107,17,4498,2,0,0,0,0
50,51,Justin,Wilson,British,16,1,671,0,0,0,0,0
51,52,Ralph,Firman,Irish,14,1,640,0,0,0,0,0
52,53,Nicolas,Kiesa,Danish,5,0,298,0,0,0,0,0
53,54,Luciano,Burti,Brazilian,15,0,668,0,0,0,0,0
54,55,Jean,Alesi,French,202,241,9656,32,1,2,0,0
55,56,Eddie,Irvine,British,147,191,6846,26,4,0,0,0
56,57,Mika,Häkkinen,Finnish,165,420,7719,51,20,26,0,2
57,58,Tarso,Marques,Brazilian,26,0,931,0,0,0,0,0
58,59,Enrique,Bernoldi,Brazilian,29,0,941,0,0,0,0,0
59,60,Gastón,Mazzacane,Argentine,21,0,1047,0,0,0,0,0
60,61,Tomáš,Enge,Czech,3,0,166,0,0,0,0,0
61,62,Alex,Yoong,Malaysian,16,0,645,0,0,0,0,0
62,63,Mika,Salo,Finnish,111,33,5442,2,0,0,0,0
63,64,Pedro,Diniz,Brazilian,99,10,3839,0,0,0,0,0
64,65,Johnny,Herbert,British,165,98,7347,7,3,0,0,0
65,66,Allan,McNish,British,17,0,638,0,0,0,0,0
66,67,Sébastien,Buemi,Swiss,55,29,2612,0,0,0,0,0
67,68,Toranosuke,Takagi,Japanese,32,0,1274,0,0,0,0,0
68,69,Luca,Badoer,Italian,58,0,2364,0,0,0,0,0
69,70,Alessandro,Zanardi,Italian,44,1,1574,0,0,0,0,0
70,71,Damon,Hill,British,122,360,5847,42,22,20,0,1
71,72,Stéphane,Sarrazin,French,1,0,31,0,0,0,0,0
72,73,Ricardo,Rosset,Brazilian,30,0,1076,0,0,0,0,0
73,74,Esteban,Tuero,Argentine,16,0,613,0,0,0,0,0
74,75,Shinji,Nakano,Japanese,33,2,1493,0,0,0,0,0
75,76,Jan,Magnussen,Danish,25,1,925,0,0,0,0,0
76,77,Gerhard,Berger,Austrian,210,385,9793,48,10,12,0,0
77,78,Nicola,Larini,Italian,75,7,2029,1,0,0,0,0
78,79,Ukyo,Katayama,Japanese,97,5,3508,0,0,0,0,0
79,80,Vincenzo,Sospiri,Italian,1,0,0,0,0,0,0,0
80,81,Gianni,Morbidelli,Italian,70,8.5,2856,1,0,0,0,0
81,82,Norberto,Fontana,Argentine,4,0,210,0,0,0,0,0
82,83,Pedro,Lamy,Portuguese,32,1,1423,0,0,0,0,0
83,84,Martin,Brundle,British,165,98,7522,9,0,0,0,0
84,85,Andrea,Montermini,Italian,28,0,581,0,0,0,0,0
85,86,Giovanni,Lavaggi,Italian,10,0,204,0,0,0,0,0
86,87,Mark,Blundell,British,63,32,2777,3,0,0,0,0
87,88,Aguri,Suzuki,Japanese,88,8,2463,1,0,0,0,0
88,89,Taki,Inoue,Japanese,18,0,544,0,0,0,0,0
89,90,Roberto,Moreno,Brazilian,74,15,1746,1,0,0,0,0
90,91,Karl,Wendlinger,Austrian,42,14,1670,0,0,0,0,0
91,92,Bertrand,Gachot,Belgian,84,5,1793,0,0,0,0,0
92,93,Domenico,Schiattarella,Italian,7,0,261,0,0,0,0,0
93,94,Pierluigi,Martini,Italian,123,18,4869,0,0,0,0,0
94,95,Nigel,Mansell,British,192,482,8750,59,31,32,0,2
95,96,Jean-Christophe,Boullion,French,11,3,535,0,0,0,0,0
96,97,Massimiliano,Papis,Italian,7,0,209,0,0,0,0,0
97,98,Jean-Denis,Délétraz,Swiss,3,0,130,0,0,0,0,0
98,99,Gabriele,Tarquini,Italian,78,1,1495,0,0,0,0,0
99,100,Érik,Comas,French,63,7,2805,0,0,0,0,0
100,101,David,Brabham,Australian,30,0,940,0,0,0,0,0
101,102,Ayrton,Senna,Brazilian,162,614,8236,80,41,65,0,3
102,103,Éric,Bernard,French,47,10,1969,1,0,0,0,0
103,104,Christian,Fittipaldi,Brazilian,43,12,2141,0,0,0,0,0
104,105,Michele,Alboreto,Italian,215,186.5,8773,23,5,2,0,0
105,106,Olivier,Beretta,Monegasque,10,0,379,0,0,0,0,0
106,107,Roland,Ratzenberger,Austrian,3,0,78,0,0,0,0,0
107,108,Paul,Belmondo,French,27,0,355,0,0,0,0,0
108,109,Jyrki,Järvilehto,Finnish,70,10,2802,1,0,0,0,0
109,110,Andrea,de Cesaris,Italian,214,59,7705,5,0,1,0,0
110,111,Jean-Marc,Gounon,French,9,0,362,0,0,0,0,0
111,112,Philippe,Alliot,French,115,7,4249,0,0,0,0,0
112,113,Philippe,Adams,Belgian,2,0,82,0,0,0,0,0
113,114,Yannick,Dalmas,French,50,0,1157,0,0,0,0,0
114,115,Hideki,Noda,Japanese,3,0,28,0,0,0,0,0
115,116,Franck,Lagorce,French,2,0,89,0,0,0,0,0
116,117,Alain,Prost,French,202,798.5,10540,106,51,33,0,4
117,118,Derek,Warwick,British,162,71,6376,4,0,0,0,0
118,119,Riccardo,Patrese,Italian,257,281,11345,37,6,8,0,0
119,120,Fabrizio,Barbazza,Italian,20,2,315,0,0,0,0,0
120,121,Michael,Andretti,American,13,7,427,1,0,0,0,0
121,122,Ivan,Capelli,Italian,98,31,3387,3,0,0,0,0
122,123,Thierry,Boutsen,Belgian,164,132,8044,15,3,1,0,0
123,124,Marco,Apicella,Italian,1,0,0,0,0,0,0,0
124,125,Emanuele,Naspetti,Italian,6,0,242,0,0,0,0,0
125,126,Toshio,Suzuki,Japanese,2,0,125,0,0,0,0,0
126,127,Maurício,Gugelmin,Brazilian,80,10,3040,1,0,0,0,0
127,128,Eric,van de Poele,Belgian,29,0,170,0,0,0,0,0
128,129,Olivier,Grouillard,French,62,1,1493,0,0,0,0,0
129,130,Andrea,Chiesa,Swiss,10,0,59,0,0,0,0,0
130,131,Stefano,Modena,Italian,81,17,3019,2,0,0,0,0
131,132,Giovanna,Amati,Italian,3,0,0,0,0,0,0,0
132,133,Alex,Caffi,Italian,75,6,2313,0,0,0,0,0
133,134,Enrico,Bertaggia,Italian,6,0,0,0,0,0,0,0
134,135,Perry,McCarthy,British,7,0,0,0,0,0,0,0
135,136,Jan,Lammers,Dutch,41,0,1027,0,0,0,0,0
136,137,Nelson,Piquet,Brazilian,207,485.5,9872,60,23,24,0,0
137,138,Satoru,Nakajima,Japanese,80,16,3078,0,0,0,0,0
138,139,Emanuele,Pirro,Italian,40,3,1368,0,0,0,0,0
139,140,Stefan,Johansson,Swedish,103,88,3460,12,0,0,0,0
140,141,Julian,Bailey,British,20,1,326,0,0,0,0,0
141,142,Pedro,Chaves,Portuguese,13,0,0,0,0,0,0,0
142,143,Michael,Bartels,German,4,0,0,0,0,0,0,0
143,144,Naoki,Hattori,Japanese,2,0,0,0,0,0,0,0
144,145,Alessandro,Nannini,Italian,77,65,2935,9,1,0,0,0
145,146,Bernd,Schneider,German,32,0,301,0,0,0,0,0
146,147,Paolo,Barilla,Italian,15,0,406,0,0,0,0,0
147,148,Gregor,Foitek,Swiss,22,0,299,0,0,0,0,0
148,149,Claudio,Langes,Italian,14,0,0,0,0,0,0,0
149,150,Gary,Brabham,Australian,2,0,0,0,0,0,0,0
150,151,Martin,Donnelly,British,15,0,586,0,0,0,0,0
151,152,Bruno,Giacomelli,Italian,82,14,2695,1,0,1,0,0
152,153,Jaime,Alguersuari,Spanish,46,31,2380,0,0,0,0,0
153,154,Romain,Grosjean,French,181,391,8849,10,0,0,1,0
154,155,Kamui,Kobayashi,Japanese,76,125,3557,1,0,0,1,0
155,156,Jonathan,Palmer,British,88,14,3649,0,0,0,0,0
156,157,Christian,Danner,German,47,4,1377,0,0,0,0,0
157,158,Eddie,Cheever,American,143,70,5490,9,0,0,0,0
158,159,Luis,Pérez-Sala,Spanish,32,1,1179,0,0,0,0,0
159,160,Piercarlo,Ghinzani,Italian,111,2,2224,0,0,0,0,0
160,161,Volker,Weidler,German,10,0,0,0,0,0,0,0
161,162,Pierre-Henri,Raphanel,French,17,0,19,0,0,0,0,0
162,163,René,Arnoux,French,164,181,6611,22,7,18,0,0
163,164,Joachim,Winkelhock,German,7,0,0,0,0,0,0,0
164,165,Oscar,Larrauri,Argentine,21,0,229,0,0,0,0,0
165,166,Philippe,Streiff,French,54,11,2364,1,0,0,0,0
166,167,Adrián,Campos,Spanish,21,0,433,0,0,0,0,0
167,168,Jean-Louis,Schlesser,French,2,0,49,0,0,0,0,0
168,169,Pascal,Fabre,French,12,0,544,0,0,0,0,0
169,170,Teo,Fabi,Italian,71,23,2194,2,0,3,0,0
170,171,Franco,Forini,Swiss,2,0,59,0,0,0,0,0
171,172,Jacques,Laffite,French,180,228,7996,32,6,7,0,0
172,173,Elio,de Angelis,Italian,110,122,4752,9,2,3,0,0
173,174,Johnny,Dumfries,British,16,3,661,0,0,0,0,0
174,175,Patrick,Tambay,French,122,103,4980,11,2,5,0,0
175,176,Marc,Surer,Swiss,88,17,3968,0,0,0,0,0
176,177,Keke,Rosberg,Finnish,128,159.5,5306,17,5,5,0,1
177,178,Alan,Jones,Australian,117,206,5555,24,12,6,0,1
178,179,Huub,Rothengatter,Dutch,28,0,853,0,0,0,0,0
179,180,Allen,Berg,Canadian,9,0,285,0,0,0,0,0
180,181,Manfred,Winkelhock,German,55,2,1633,0,0,0,0,0
181,182,Niki,Lauda,Austrian,174,420.5,8217,54,25,24,0,2
182,183,François,Hesnault,French,20,0,464,0,0,0,0,0
183,184,Mauro,Baldi,Italian,41,5,1489,0,0,0,0,0
184,185,Stefan,Bellof,German,22,4,936,0,0,0,0,0
185,186,Kenny,Acheson,British,9,0,101,0,0,0,0,0
186,187,John,Watson,British,154,169,7388,20,5,2,0,0
187,188,Johnny,Cecotto,Venezuelan,23,1,617,0,0,0,0,0
188,189,Jo,Gartner,Austrian,8,0,305,0,0,0,0,0
189,190,Corrado,Fabi,Italian,18,0,421,0,0,0,0,0
190,191,Mike,Thackwell,New Zealander,5,0,29,0,0,0,0,0
191,192,Chico,Serra,Brazilian,32,1,831,0,0,0,0,0
192,193,Danny,Sullivan,American,15,2,678,0,0,0,0,0
193,194,Eliseo,Salazar,Chilean,37,3,882,0,0,0,0,0
194,195,Roberto,Guerrero,Colombian,29,0,613,0,0,0,0,0
195,196,Raul,Boesel,Brazilian,30,0,1028,0,0,0,0,0
196,197,Jean-Pierre,Jarier,French,143,31.5,5746,3,0,3,0,0
197,198,Jacques,Villeneuve Sr.,Canadian,3,0,0,0,0,0,0,0
198,199,Carlos,Reutemann,Argentine,146,310,6986,45,12,6,0,1
199,200,Jochen,Mass,German,114,71,4924,8,1,0,0,0
200,201,Slim,Borgudd,Swedish,15,1,522,0,0,0,0,0
201,202,Didier,Pironi,French,72,101,3423,13,3,4,0,0
202,203,Gilles,Villeneuve,Canadian,68,107,3282,13,6,2,0,0
203,204,Riccardo,Paletti,Italian,8,0,7,0,0,0,0,0
204,205,Brian,Henton,British,37,0,913,0,0,0,0,0
205,206,Derek,Daly,Irish,64,15,2231,0,0,0,0,0
206,207,Mario,Andretti,American,129,180,5278,19,12,18,0,1
207,208,Emilio,de Villota,Spanish,14,0,120,0,0,0,0,0
208,209,Geoff,Lees,British,12,0,187,0,0,0,0,0
209,210,Tommy,Byrne,Irish,5,0,67,0,0,0,0,0
210,211,Rupert,Keegan,British,37,0,1028,0,0,0,0,0
211,212,Hector,Rebaque,Mexican,58,13,1724,0,0,0,0,0
212,213,Beppe,Gabbiani,Italian,17,0,79,0,0,0,0,0
213,214,Kevin,Cogan,American,2,0,0,0,0,0,0,0
214,215,Miguel Ángel,Guerra,Argentine,4,0,0,0,0,0,0,0
215,216,Siegfried,Stohr,Italian,13,0,277,0,0,0,0,0
216,217,Ricardo,Zunino,Argentine,11,0,373,0,0,0,0,0
217,218,Ricardo,Londoño,Colombian,1,0,0,0,0,0,0,0
218,219,Jean-Pierre,Jabouille,French,55,21,1666,2,2,6,0,0
219,220,Giorgio,Francia,Italian,2,0,0,0,0,0,0,0
220,221,Patrick,Depailler,French,95,141,4635,19,2,1,0,0
221,222,Jody,Scheckter,South African,113,255,6035,33,10,3,0,1
222,223,Clay,Regazzoni,Swiss,138,212,6553,28,5,5,0,1
223,224,Emerson,Fittipaldi,Brazilian,149,281,7291,35,14,6,0,2
224,225,Dave,Kennedy,Irish,7,0,0,0,0,0,0,0
225,226,Stephen,South,British,1,0,0,0,0,0,0,0
226,227,Tiff,Needell,British,2,0,12,0,0,0,0,0
227,228,Desiré,Wilson,South African,1,0,0,0,0,0,0,0
228,229,Harald,Ertl,Austrian,29,0,815,0,0,0,0,0
229,230,Vittorio,Brambilla,Italian,78,15.5,3019,1,1,1,0,0
230,231,James,Hunt,British,93,179,3924,23,10,14,0,0
231,232,Arturo,Merzario,Italian,84,11,1965,0,0,0,0,0
232,233,Hans-Joachim,Stuck,German,81,29,2761,2,0,0,0,0
233,234,Gianfranco,Brancatelli,Italian,3,0,0,0,0,0,0,0
234,235,Jacky,Ickx,Belgian,121,181,5663,25,8,13,0,0
235,236,Patrick,Gaillard,French,5,0,107,0,0,0,0,0
236,237,Alex,Ribeiro,Brazilian,20,0,514,0,0,0,0,0
237,238,Ronnie,Peterson,Swedish,123,206,5725,26,10,14,0,0
238,239,Brett,Lunger,American,42,0,1713,0,0,0,0,0
239,240,Danny,Ongais,American,6,0,132,0,0,0,0,0
240,241,Lamberto,Leoni,Italian,5,0,28,0,0,0,0,0
241,242,Divina,Galica,British,3,0,0,0,0,0,0,0
242,243,Rolf,Stommelen,German,61,14,2452,1,0,0,0,0
243,244,Alberto,Colombo,Italian,3,0,0,0,0,0,0,0
244,245,Tony,Trimmer,British,6,0,0,0,0,0,0,0
245,246,Hans,Binder,Austrian,15,0,629,0,0,0,0,0
246,247,Michael,Bleekemolen,Dutch,5,0,43,0,0,0,0,0
247,248,Carlo,Franchi,Italian,1,0,0,0,0,0,0,0
248,249,Bobby,Rahal,American,2,0,74,0,0,0,0,0
249,250,Carlos,Pace,Brazilian,73,58,3242,6,1,1,0,0
250,251,Ian,Scheckter,South African,20,0,676,0,0,0,0,0
251,252,Tom,Pryce,British,42,19,1919,2,0,1,0,0
252,253,Ingo,Hoffmann,Brazilian,6,0,99,0,0,0,0,0
253,254,Renzo,Zorzi,Italian,7,1,199,0,0,0,0,0
254,255,Gunnar,Nilsson,Swedish,32,31,1316,4,1,0,0,0
255,256,Larry,Perkins,Australian,15,0,461,0,0,0,0,0
256,257,Boy,Lunger,Dutch,7,0,159,0,0,0,0,0
257,258,Patrick,Nève,Belgian,13,0,567,0,0,0,0,0
258,259,David,Purley,British,11,0,248,0,0,0,0,0
259,260,Conny,Andersson,Swedish,5,0,9,0,0,0,0,0
260,261,Bernard,de Dryver,Belgian,1,0,0,0,0,0,0,0
261,262,Jackie,Oliver,British,51,13,1547,2,0,0,0,0
262,263,Mikko,Kozarowitzky,Finnish,2,0,0,0,0,0,0,0
263,264,Andy,Sutcliffe,British,1,0,0,0,0,0,0,0
264,265,Guy,Edwards,British,16,0,543,0,0,0,0,0
265,266,Brian,McGuire,Australian,1,0,0,0,0,0,0,0
266,267,Vern,Schuppan,Australian,12,0,447,0,0,0,0,0
267,268,Hans,Heyer,German,1,0,9,0,0,0,0,0
268,269,Teddy,Pilette,Belgian,4,0,81,0,0,0,0,0
269,270,Ian,Ashley,British,11,0,116,0,0,0,0,0
270,271,Loris,Kessel,Swiss,6,0,112,0,0,0,0,0
271,272,Kunimitsu,Takahashi,Japanese,1,0,71,0,0,0,0,0
272,273,Kazuyoshi,Hoshino,Japanese,2,0,98,0,0,0,0,0
273,274,Noritake,Takahara,Japanese,2,0,71,0,0,0,0,0
274,275,Lella,Lombardi,Italian,17,0.5,363,0,0,0,0,0
275,276,Bob,Evans,British,12,0,407,0,0,0,0,0
276,277,Michel,Leclère,French,8,0,371,0,0,0,0,0
277,278,Chris,Amon,New Zealander,106,83,4565,11,0,5,0,0
278,279,Emilio,Zapico,Spanish,1,0,0,0,0,0,0,0
279,280,Henri,Pescarolo,French,59,12,2730,1,0,0,0,0
280,281,Jac,Nelleman,Danish,1,0,0,0,0,0,0,0
281,282,Damien,Magee,British,2,0,78,0,0,0,0,0
282,283,Mike,Wilds,British,8,0,96,0,0,0,0,0
283,284,Alessandro,Pesenti-Rossi,Italian,4,0,113,0,0,0,0,0
284,285,Otto,Stuppacher,Austrian,3,0,0,0,0,0,0,0
285,286,Warwick,Brown,Australian,1,0,54,0,0,0,0,0
286,287,Masahiro,Hasemi,Japanese,1,0,66,0,0,0,0,0
287,288,Mark,Donohue,American,15,8,672,1,0,0,0,0
288,289,Graham,Hill,British,179,289,8791,36,14,13,0,3
289,290,Wilson,Fittipaldi,Brazilian,38,3,1439,0,0,0,0,0
290,291,Guy,Tunmer,South African,1,0,76,0,0,0,0,0
291,292,Eddie,Keizan,South African,3,0,219,0,0,0,0,0
292,293,Dave,Charlton,South African,13,0,348,0,0,0,0,0
293,294,Tony,Brise,British,10,1,347,0,0,0,0,0
294,295,Roelof,Wunderink,Dutch,6,0,86,0,0,0,0,0
295,296,François,Migault,French,15,0,547,0,0,0,0,0
296,297,Torsten,Palm,Swedish,2,0,78,0,0,0,0,0
297,298,Gijs,van Lennep,Dutch,9,2,421,0,0,0,0,0
298,299,Hiroshi,Fushida,Japanese,2,0,0,0,0,0,0,0
299,300,John,Nicholson,New Zealander,2,0,51,0,0,0,0,0
300,301,Dave,Morgan,British,1,0,50,0,0,0,0,0
301,302,Jim,Crawford,British,2,0,74,0,0,0,0,0
302,303,Jo,Vonlanthen,Swiss,1,0,14,0,0,0,0,0
303,304,Denny,Hulme,New Zealander,112,248,6237,33,8,1,0,1
304,305,Mike,Hailwood,British,51,29,2182,2,0,0,0,0
305,306,Jean-Pierre,Beltoise,French,87,77,4069,8,1,0,0,0
306,307,Howden,Ganley,New Zealander,39,10,1850,0,0,0,0,0
307,308,Richard,Robarts,British,4,0,140,0,0,0,0,0
308,309,Peter,Revson,American,31,61,1567,8,2,1,0,0
309,310,Paddy,Driver,South African,2,0,6,0,0,0,0,0
310,311,Tom,Belsø,Danish,4,0,79,0,0,0,0,0
311,312,Brian,Redman,British,13,8,506,1,0,0,0,0
312,313,Rikky,von Opel,Liechtensteiner,13,0,439,0,0,0,0,0
313,314,Tim,Schenken,Australian,36,7,1426,1,0,0,0,0
314,315,Gérard,Larrousse,French,2,0,53,0,0,0,0,0
315,316,Leo,Kinnunen,Finnish,6,0,8,0,0,0,0,0
316,317,Reine,Wisell,Swedish,23,13,964,1,0,0,0,0
317,318,Bertil,Roos,Swedish,1,0,2,0,0,0,0,0
318,319,José,Dolhem,French,3,0,25,0,0,0,0,0
319,320,Peter,Gethin,British,30,11,1226,1,1,0,0,0
320,321,Derek,Bell,British,14,1,180,0,0,0,0,0
321,322,David,Hobbs,British,7,0,379,0,0,0,0,0
322,323,Dieter,Quester,Austrian,1,0,51,0,0,0,0,0
323,324,Helmuth,Koinigg,Austrian,3,0,87,0,0,0,0,0
324,325,Carlo,Facetti,Italian,1,0,0,0,0,0,0,0
325,326,Eppie,Wietzes,Canadian,2,0,102,0,0,0,0,0
326,327,François,Cevert,French,47,89,2370,13,1,0,0,0
327,328,Jackie,Stewart,British,100,360,5225,43,27,17,0,3
328,329,Mike,Beuttler,British,29,0,1168,0,0,0,0,0
329,330,Nanni,Galli,Italian,17,0,499,0,0,0,0,0
330,331,Luiz,Bueno,Brazilian,1,0,36,0,0,0,0,0
331,332,George,Follmer,American,12,5,534,1,0,0,0,0
332,333,Andrea,de Adamich,Italian,36,6,1240,0,0,0,0,0
333,334,Jackie,Pretorius,South African,4,0,128,0,0,0,0,0
334,335,Roger,Williamson,British,2,0,7,0,0,0,0,0
335,336,Graham,McRae,New Zealander,1,0,0,0,0,0,0,0
336,337,Helmut,Marko,Austrian,9,0,509,0,0,0,0,0
337,338,David,Walker,Australian,11,0,481,0,0,0,0,0
338,339,Alex,Soler-Roig,Spanish,9,0,119,0,0,0,0,0
339,340,John,Love,Rhodesian,10,6,545,1,0,0,0,0
340,341,John,Surtees,British,112,180,4992,24,6,8,0,0
341,342,Skip,Barber,American,6,0,206,0,0,0,0,0
342,343,Bill,Brack,Canadian,3,0,118,0,0,0,0,0
343,344,Sam,Posey,American,2,0,72,0,0,0,0,0
344,345,Pedro,Rodríguez,Mexican,54,71,2812,7,2,0,0,0
345,346,Jo,Siffert,Swiss,100,68,4505,6,2,2,0,0
346,347,Jo,Bonnier,Swedish,109,39,4764,1,1,1,0,0
347,348,François,Mazet,French,1,0,50,0,0,0,0,0
348,349,Max,Jean,French,1,0,46,0,0,0,0,0
349,350,Vic,Elford,British,13,8,594,0,0,0,0,0
350,351,Silvio,Moser,Swiss,18,3,458,0,0,0,0,0
351,352,George,Eaton,Canadian,13,0,445,0,0,0,0,0
352,353,Pete,Lovely,American,11,0,410,0,0,0,0,0
353,354,Chris,Craft,British,2,0,30,0,0,0,0,0
354,355,John,Cannon,Canadian,1,0,56,0,0,0,0,0
355,356,Jack,Brabham,Australian,129,261,6192,31,14,13,0,2
356,357,John,Miles,British,15,2,373,0,0,0,0,0
357,358,Jochen,Rindt,Austrian,62,109,2520,13,6,10,0,1
358,359,Johnny,Servoz-Gavin,French,12,9,601,1,0,0,0,0
359,360,Bruce,McLaren,New Zealander,103,196.5,5081,27,4,0,0,1
360,361,Piers,Courage,British,29,20,1188,2,0,0,0,0
361,362,Peter,de Klerk,South African,4,0,274,0,0,0,0,0
362,363,Ignazio,Giunti,Italian,4,3,136,0,0,0,0,0
363,364,Dan,Gurney,American,87,133,3678,19,4,3,0,0
364,365,Hubert,Hahne,German,3,0,20,0,0,0,0,0
365,366,Gus,Hutchison,American,1,0,21,0,0,0,0,0
366,367,Peter,Westbury,British,1,0,0,0,0,0,0,0
367,368,Sam,Tingle,Rhodesian,6,0,239,0,0,0,0,0
368,369,Basil,van Rooyen,South African,2,0,34,0,0,0,0,0
369,370,Richard,Attwood,British,17,11,872,1,0,0,0,0
370,371,Al,Pease,Canadian,2,0,69,0,0,0,0,0
371,372,John,Cordts,Canadian,1,0,10,0,0,0,0,0
372,373,Jim,Clark,British,73,274,3984,32,25,34,0,2
373,374,Mike,Spence,British,36,27,1712,1,0,1,0,0
374,375,Ludovico,Scarfiotti,Italian,13,17,517,1,1,0,0,0
375,376,Lucien,Bianchi,Belgian,19,6,554,1,0,0,0,0
376,377,Jo,Schlesser,French,2,0,4,0,0,0,0,0
377,378,Robin,Widdows,British,1,0,34,0,0,0,0,0
378,379,Kurt,Ahrens,German,2,0,17,0,0,0,0,0
379,380,Frank,Gardner,Australian,9,0,307,0,0,0,0,0
380,381,Bobby,Unser,American,1,0,35,0,0,0,0,0
381,382,Moisés,Solana,Mexican,8,0,312,0,0,0,0,0
382,383,Bob,Anderson,British,26,8,1371,1,0,0,0,0
383,384,Luki,Botha,South African,1,0,60,0,0,0,0,0
384,385,Lorenzo,Bandini,Italian,44,58,2261,8,1,1,0,0
385,386,Richie,Ginther,American,54,107,2931,14,1,0,0,0
386,387,Mike,Parkes,British,7,14,224,2,0,1,0,0
387,388,Chris,Irwin,British,10,2,441,0,0,0,0,0
388,389,Guy,Ligier,French,13,1,593,0,0,0,0,0
389,390,Alan,Rees,British,2,0,91,0,0,0,0,0
390,391,Brian,Hart,British,1,0,12,0,0,0,0,0
391,392,Mike,Fisher,American,2,0,81,0,0,0,0,0
392,393,Tom,Jones,American,1,0,0,0,0,0,0,0
393,394,Giancarlo,Baghetti,Italian,26,14,851,1,1,0,0,0
394,395,Jonathan,Williams,British,1,0,63,0,0,0,0,0
395,396,Bob,Bondurant,American,9,3,403,0,0,0,0,0
396,397,Peter,Arundell,British,15,12,563,2,0,0,0,0
397,398,Vic,Wilson,British,2,0,23,0,0,0,0,0
398,399,John,Taylor,British,5,1,261,0,0,0,0,0
399,400,Chris,Lawrence,British,2,0,83,0,0,0,0,0
400,401,Trevor,Taylor,British,29,8,1017,1,0,0,0,0
401,402,Giacomo,Russo,Italian,3,0,100,0,0,0,0,0
402,403,Phil,Hill,American,52,98,2423,16,3,6,0,0
403,404,Innes,Ireland,British,55,47,2311,4,1,0,0,0
404,405,Ronnie,Bucknum,American,11,2,421,0,0,0,0,0
405,406,Paul,Hawkins,Australian,3,0,163,0,0,0,0,0
406,407,David,Prophet,British,2,0,120,0,0,0,0,0
407,408,Tony,Maggs,South African,27,26,1357,3,0,0,0,0
408,409,Trevor,Blokdyk,South African,2,0,77,0,0,0,0,0
409,410,Neville,Lederle,South African,3,1,78,0,0,0,0,0
410,411,Doug,Serrurier,South African,3,0,140,0,0,0,0,0
411,412,Brausch,Niemann,South African,2,0,66,0,0,0,0,0
412,413,Ernie,Pieterse,South African,3,0,74,0,0,0,0,0
413,414,Clive,Puzey,Rhodesian,1,0,0,0,0,0,0,0
414,415,Ray,Reed,South African,1,0,0,0,0,0,0,0
415,416,David,Clapham,South African,1,0,0,0,0,0,0,0
416,417,Alex,Blignaut,South African,1,0,0,0,0,0,0,0
417,418,Masten,Gregory,American,46,21,1701,3,0,0,0,0
418,419,John,Rhodes,British,1,0,38,0,0,0,0,0
419,420,Ian,Raby,British,7,0,169,0,0,0,0,0
420,421,Alan,Rollinson,British,1,0,0,0,0,0,0,0
421,422,Brian,Gubby,British,1,0,0,0,0,0,0,0
422,423,Gerhard,Mitter,German,5,3,39,0,0,0,0,0
423,424,Roberto,Bussinello,Italian,4,0,59,0,0,0,0,0
424,425,Nino,Vaccarella,Italian,5,0,169,0,0,0,0,0
425,426,Giorgio,Bassi,Italian,1,0,8,0,0,0,0,0
426,427,Maurice,Trintignant,French,87,72.33,3749,10,2,1,0,1
427,428,Bernard,Collomb,French,6,0,29,0,0,0,0,0
428,429,André,Pilette,Belgian,15,2,370,0,0,0,0,0
429,430,Carel Godin,de Beaufort,Dutch,31,4,1351,0,0,0,0,0
430,431,Edgar,Barth,German,7,0,98,0,0,0,0,0
431,432,Mário de Araújo,Cabral,Portuguese,5,0,125,0,0,0,0,0
432,433,Walt,Hansgen,American,4,2,121,0,0,0,0,0
433,434,Hap,Sharp,American,6,0,376,0,0,0,0,0
434,435,Willy,Mairesse,Belgian,12,7,379,1,0,0,0,0
435,436,John,Campbell-Jones,British,5,0,90,0,0,0,0,0
436,437,Ian,Burgess,British,26,0,597,0,0,0,0,0
437,438,Tony,Settember,American,10,0,144,0,0,0,0,0
438,439,Nasif,Estéfano,Argentine,5,0,70,0,0,0,0,0
439,440,Jim,Hall,American,12,3,622,0,0,0,0,0
440,441,Tim,Parnell,British,4,0,52,0,0,0,0,0
441,442,Kurt,Kuhnke,German,2,0,0,0,0,0,0,0
442,443,Ernesto,Brambilla,Italian,1,0,0,0,0,0,0,0
443,444,Roberto,Lippi,Italian,3,0,1,0,0,0,0,0
444,445,Günther,Seiffert,German,2,0,0,0,0,0,0,0
445,446,Carlo,Abate,Italian,2,0,0,0,0,0,0,0
446,447,Gaetano,Starrabba,Italian,2,0,19,0,0,0,0,0
447,448,Peter,Broeker,Canadian,1,0,88,0,0,0,0,0
448,449,Rodger,Ward,American,12,14,1350,2,1,0,0,0
449,450,Ernie,de Vos,Dutch,1,0,0,0,0,0,0,0
450,451,Frank,Dochnal,American,1,0,0,0,0,0,0,0
451,452,Thomas,Monarch,American,1,0,0,0,0,0,0,0
452,842,Pierre,Gasly,French,89,315,4709,3,1,0,3,0
453,453,Jackie,Lewis,British,11,3,278,0,0,0,0,0
454,454,Ricardo,Rodríguez,Mexican,6,4,196,0,0,0,0,0
455,455,Wolfgang,Seidel,German,13,0,211,0,0,0,0,0
456,456,Roy,Salvadori,British,51,19,1884,2,0,0,0,0
457,457,Ben,Pon,Dutch,1,0,2,0,0,0,0,0
458,458,Rob,Slotemaker,Dutch,1,0,0,0,0,0,0,0
459,459,Tony,Marsh,British,9,0,70,0,0,0,0,0
460,460,Gerry,Ashmore,British,5,0,20,0,0,0,0,0
461,461,Heinz,Schiller,Swiss,2,0,4,0,0,0,0,0
462,462,Colin,Davis,British,3,0,75,0,0,0,0,0
463,463,Jay,Chamberlain,American,3,0,64,0,0,0,0,0
464,464,Tony,Shelly,New Zealander,3,0,6,0,0,0,0,0
465,465,Keith,Greene,British,7,0,88,0,0,0,0,0
466,466,Heini,Walter,Swiss,1,0,14,0,0,0,0,0
467,467,Ernesto,Prinoth,Italian,2,0,0,0,0,0,0,0
468,468,Roger,Penske,American,2,0,192,0,0,0,0,0
469,469,Rob,Schroeder,British,1,0,93,0,0,0,0,0
470,470,Timmy,Mayer,American,1,0,31,0,0,0,0,0
471,471,Bruce,Johnstone,South African,1,0,76,0,0,0,0,0
472,472,Mike,Harris,South African,1,0,31,0,0,0,0,0
473,473,Gary,Hocking,Rhodesian,1,0,0,0,0,0,0,0
474,474,Syd,van der Vyver,South African,1,0,0,0,0,0,0,0
475,475,Stirling,Moss,British,73,186.5,3612,24,16,17,0,2
476,476,Wolfgang,von Trips,German,28,56,1409,6,2,1,0,0
477,477,Cliff,Allison,British,18,11,690,1,0,0,0,0
478,478,Hans,Herrmann,German,20,10,706,1,0,0,0,0
479,479,Tony,Brooks,British,41,75,1709,10,6,4,0,0
480,480,Michael,May,Swiss,4,0,90,0,0,0,0,0
481,481,Henry,Taylor,British,10,3,431,0,0,0,0,0
482,482,Olivier,Gendebien,Belgian,17,18,702,2,0,0,0,0
483,483,Giorgio,Scarlatti,Italian,15,1,427,0,0,0,0,0
484,484,Brian,Naylor,British,9,0,178,0,0,0,0,0
485,485,Juan Manuel,Bordeu,Argentine,1,0,0,0,0,0,0,0
486,486,Jack,Fairman,British,13,5,527,0,0,0,0,0
487,487,Massimo,Natili,Italian,2,0,0,0,0,0,0,0
488,488,Peter,Monteverdi,Swiss,1,0,0,0,0,0,0,0
489,489,Renato,Pirocchi,Italian,2,0,38,0,0,0,0,0
490,490,Geoff,Duke,British,1,0,0,0,0,0,0,0
491,491,Alfonso,Thiele,American-Italian,2,0,32,0,0,0,0,0
492,492,Menato,Boffa,Italian,1,0,0,0,0,0,0,0
493,493,Peter,Ryan,Canadian,1,0,96,0,0,0,0,0
494,494,Lloyd,Ruby,American,2,0,276,0,0,0,0,0
495,495,Ken,Miles,British,1,0,0,0,0,0,0,0
496,496,Carlos,Menditeguy,Argentine,12,9,541,1,0,0,0,0
497,497,Alberto Rodriguez,Larreta,Argentine,1,0,77,0,0,0,0,0
498,498,José Froilán,González,Argentine,29,77.64,1500,15,2,3,0,0
499,499,Roberto,Bonomi,Argentine,1,0,76,0,0,0,0,0
500,500,Gino,Munaron,Italian,4,0,185,0,0,0,0,0
501,501,Harry,Schell,American,64,32,2810,2,0,0,0,0
502,502,Alan,Stacey,British,7,0,220,0,0,0,0,0
503,503,Ettore,Chimeri,Venezuelan,1,0,23,0,0,0,0,0
504,504,Antonio,Creus,Spanish,1,0,16,0,0,0,0,0
505,505,Chris,Bristow,British,4,0,115,0,0,0,0,0
506,506,Bruce,Halford,British,9,0,176,0,0,0,0,0
507,507,Chuck,Daigh,American,6,0,144,0,0,0,0,0
508,508,Lance,Reventlow,American,4,0,1,0,0,0,0,0
509,509,Jim,Rathmann,American,12,29,2166,4,1,0,0,0
510,510,Paul,Goldsmith,American,3,6,400,1,0,0,0,0
511,511,Don,Branson,American,2,3,312,0,0,0,0,0
512,512,Johnny,Thomson,American,9,10,1210,1,0,1,0,0
513,513,Eddie,Johnson,American,9,1,1649,0,0,0,0,0
514,514,Bob,Veith,American,5,0,801,0,0,0,0,0
515,515,Bud,Tingelstad,American,1,0,200,0,0,0,0,0
516,516,Bob,Christie,American,5,0,891,0,0,0,0,0
517,517,Red,Amick,American,2,0,245,0,0,0,0,0
518,518,Duane,Carter,American,10,6.5,1800,1,0,0,0,0
519,519,Bill,Homeier,American,3,1,474,0,0,0,0,0
520,520,Gene,Hartley,American,9,0,1402,0,0,0,0,0
521,521,Chuck,Stevenson,American,7,0,1020,0,0,0,0,0
522,522,Bobby,Grim,American,2,0,279,0,0,0,0,0
523,523,Shorty,Templeman,American,3,0,449,0,0,0,0,0
524,524,Jim,Hurtubise,American,1,0,185,0,0,0,0,0
525,525,Jimmy,Bryan,American,9,18,1411,3,1,0,0,0
526,526,Troy,Ruttman,American,9,9.5,822,1,1,0,0,0
527,527,Eddie,Sachs,American,4,0,487,0,0,1,0,0
528,528,Don,Freeland,American,8,4,1311,1,0,0,0,0
529,529,Tony,Bettenhausen,American,13,11,2014,1,0,0,0,0
530,530,Wayne,Weiler,American,1,0,103,0,0,0,0,0
531,531,Anthony,Foyt,American,3,0,438,0,0,0,0,0
532,532,Eddie,Russo,American,4,0,362,0,0,0,0,0
533,533,Johnny,Boyd,American,6,4,765,1,0,0,0,0
534,534,Gene,Force,American,2,0,216,0,0,0,0,0
535,535,Jim,McWithey,American,2,0,260,0,0,0,0,0
536,536,Len,Sutton,American,3,0,81,0,0,0,0,0
537,537,Dick,Rathmann,American,5,2,417,0,0,1,0,0
538,538,Al,Herman,American,5,0,619,0,0,0,0,0
539,539,Dempsey,Wilson,American,2,0,162,0,0,0,0,0
540,540,Mike,Taylor,British,2,0,17,0,0,0,0,0
541,541,Ron,Flockhart,British,15,5,525,1,0,0,0,0
542,542,David,Piper,British,3,0,91,0,0,0,0,0
543,543,Giulio,Cabianca,Italian,4,3,163,0,0,0,0,0
544,544,Piero,Drogo,Italian,1,0,45,0,0,0,0,0
545,545,Fred,Gamble,American,1,0,41,0,0,0,0,0
546,546,Arthur,Owen,British,1,0,0,0,0,0,0,0
547,547,Horace,Gould,British,18,2,472,0,0,0,0,0
548,548,Bob,Drake,American,1,0,68,0,0,0,0,0
549,549,Ivor,Bueb,British,6,0,219,0,0,0,0,0
550,550,Alain,de Changy,Belgian,1,0,0,0,0,0,0,0
551,551,Maria,de Filippis,Italian,5,0,85,0,0,0,0,0
552,552,Jean,Lucienbonnet,French,1,0,0,0,0,0,0,0
553,553,André,Testut,Monegasque,2,0,0,0,0,0,0,0
554,554,Jean,Behra,French,57,51,2484,9,0,0,0,0
555,555,Paul,Russo,American,9,8.5,1367,1,0,0,0,0
556,556,Jimmy,Daywalt,American,7,0,1063,0,0,0,0,0
557,557,Chuck,Arnold,American,1,0,200,0,0,0,0,0
558,558,Al,Keller,American,5,0,687,0,0,0,0,0
559,559,Pat,Flaherty,American,6,8,922,1,1,1,0,0
560,560,Bill,Cheesbourg,American,3,0,428,0,0,0,0,0
561,561,Ray,Crawford,American,3,0,275,0,0,0,0,0
562,562,Jack,Turner,American,4,0,399,0,0,0,0,0
563,563,Chuck,Weyant,American,4,0,475,0,0,0,0,0
564,564,Jud,Larson,American,2,0,245,0,0,0,0,0
565,565,Mike,Magill,American,3,0,282,0,0,0,0,0
566,566,Carroll,Shelby,American,9,0,420,0,0,0,0,0
567,567,Fritz,d'Orey,Brazilian,3,0,103,0,0,0,0,0
568,568,Azdrubal,Fontes,Uruguayan,1,0,0,0,0,0,0,0
569,569,Peter,Ashdown,British,1,0,69,0,0,0,0,0
570,570,Bill,Moss,British,1,0,0,0,0,0,0,0
571,571,Dennis,Taylor,British,1,0,0,0,0,0,0,0
572,572,Harry,Blanchard,American,1,0,38,0,0,0,0,0
573,573,Alessandro,de Tomaso,Argentine-Italian,2,0,104,0,0,0,0,0
574,574,George,Constantine,American,1,0,5,0,0,0,0,0
575,575,Bob,Said,American,1,0,0,0,0,0,0,0
576,576,Phil,Cade,American,1,0,0,0,0,0,0,0
577,577,Luigi,Musso,Italian,26,45,1322,7,1,0,0,0
578,578,Mike,Hawthorn,British,48,127.64,2589,18,3,4,0,0
579,579,Juan,Fangio,Argentine,58,279.14,3387,35,24,29,0,5
580,580,Paco,Godia,Spanish,14,6,582,0,0,0,0,0
581,581,Peter,Collins,British,37,47,1674,9,3,0,0,0
582,582,Ken,Kavanagh,Australian,1,0,0,0,0,0,0,0
583,583,Gerino,Gerini,Italian,7,1.5,275,0,0,0,0,0
584,584,Bruce,Kessler,American,1,0,0,0,0,0,0,0
585,585,Paul,Emery,British,2,0,12,0,0,0,0,0
586,586,Luigi,Piotti,Italian,9,0,197,0,0,0,0,0
587,587,Bernie,Ecclestone,British,1,0,0,0,0,0,0,0
588,588,Luigi,Taramazzo,Italian,1,0,0,0,0,0,0,0
589,589,Louis,Chiron,Monegasque,17,4,602,1,0,0,0,0
590,590,Stuart,Lewis-Evans,British,14,16,601,2,0,2,0,0
591,591,George,Amick,American,1,6,200,1,0,0,0,0
592,592,Jimmy,Reece,American,6,0,986,0,0,0,0,0
593,593,Johnnie,Parsons,American,10,12,1504,1,1,0,0,0
594,594,Johnnie,Tolan,American,3,0,511,0,0,0,0,0
595,595,Billy,Garrett,American,2,0,274,0,0,0,0,0
596,596,Ed,Elisian,American,5,0,457,0,0,0,0,0
597,597,Pat,O'Connor,American,5,0,768,0,0,1,0,0
598,598,Jerry,Unser,American,1,0,0,0,0,0,0,0
599,599,Art,Bisch,American,1,0,0,0,0,0,0,0
600,600,Christian,Goethals,Belgian,1,0,4,0,0,0,0,0
601,601,Dick,Gibson,British,2,0,5,0,0,0,0,0
602,602,Robert,La Caze,French,1,0,48,0,0,0,0,0
603,603,André,Guelfi,French,1,0,48,0,0,0,0,0
604,604,François,Picard,French,1,0,31,0,0,0,0,0
605,605,Tom,Bridger,British,1,0,30,0,0,0,0,0
606,606,Alfonso,de Portago,Spanish,6,4,330,1,0,0,0,0
607,607,Cesare,Perdisa,Italian,9,5,592,2,0,0,0,0
608,608,Eugenio,Castellotti,Italian,17,19.5,852,3,0,3,0,0
609,609,André,Simon,French,12,0,461,0,0,0,0,0
610,610,Les,Leston,British,3,0,50,0,0,0,0,0
611,611,Sam,Hanks,American,9,20,1502,4,1,0,0,0
612,612,Andy,Linden,American,11,5,1527,0,0,0,0,0
613,613,Marshall,Teague,American,4,0,733,0,0,0,0,0
614,614,Don,Edmunds,American,1,0,170,0,0,0,0,0
615,615,Fred,Agabashian,American,8,1.5,986,0,0,1,0,0
616,616,Elmer,George,American,1,0,0,0,0,0,0,0
617,617,Mike,MacDowel,British,1,0,68,0,0,0,0,0
618,618,Herbert,MacKay-Fraser,American,1,0,24,0,0,0,0,0
619,619,Bob,Gerard,British,7,0,553,0,0,0,0,0
620,620,Umberto,Maglioli,Italian,10,3.33,518,2,0,0,0,0
621,621,Paul,England,Australian,1,0,4,0,0,0,0,0
622,622,Chico,Landi,Brazilian,6,1.5,323,0,0,0,0,0
623,623,Alberto,Uria,Uruguayan,2,0,110,0,0,0,0,0
624,624,Hernando,da Silva Ramos,Brazilian,8,2,405,0,0,0,0,0
625,625,Élie,Bayol,French,7,2,278,0,0,0,0,0
626,626,Robert,Manzon,French,29,16,1001,2,0,0,0,0
627,627,Louis,Rosier,French,39,18,1612,2,0,0,0,0
628,628,Bob,Sweikert,American,5,8,825,1,1,0,0,0
629,629,Cliff,Griffith,American,3,0,429,0,0,0,0,0
630,630,Duke,Dinsmore,American,4,0,451,0,0,0,0,0
631,631,Keith,Andrews,American,2,0,214,0,0,0,0,0
632,632,Paul,Frère,Belgian,11,11,307,1,0,0,0,0
633,633,Luigi,Villoresi,Italian,35,49,1580,8,0,1,0,0
634,634,Piero,Scotti,Italian,1,0,10,0,0,0,0,0
635,635,Colin,Chapman,British,1,0,0,0,0,0,0,0
636,636,Desmond,Titterington,British,1,0,74,0,0,0,0,0
637,637,Archie,Scott Brown,British,1,0,16,0,0,0,0,0
638,638,Ottorino,Volonterio,Swiss,3,0,145,0,0,0,0,0
639,639,André,Milhoux,Belgian,1,0,15,0,0,0,0,0
640,640,Toulo,de Graffenried,Swiss,23,9,963,0,0,0,0,0
641,641,Piero,Taruffi,Italian,18,41,798,5,1,0,0,1
642,642,Nino,Farina,Italian,37,127.33,1994,20,5,6,0,1
643,643,Roberto,Mieres,Argentine,17,13,820,0,0,0,0,0
644,644,Sergio,Mantovani,Italian,9,4,465,0,0,0,0,0
645,645,Clemar,Bucci,Argentine,5,0,93,0,0,0,0,0
646,646,Jesús,Iglesias,Argentine,1,0,38,0,0,0,0,0
647,647,Alberto,Ascari,Italian,36,140,1821,17,13,14,0,1
648,648,Karl,Kling,German,12,17,583,2,0,0,0,0
649,649,Pablo,Birger,Argentine,2,0,22,0,0,0,0,0
650,650,Jacques,Pollet,French,5,0,252,0,0,0,0,0
651,651,Lance,Macklin,British,15,0,479,0,0,0,0,0
652,652,Ted,Whiteaway,British,1,0,0,0,0,0,0,0
653,653,Jimmy,Davies,American,6,4,1022,1,0,0,0,0
654,654,Walt,Faulkner,American,5,1,833,0,0,1,0,0
655,655,Cal,Niday,American,3,0,400,0,0,0,0,0
656,656,Art,Cross,American,4,8,768,1,0,0,0,0
657,657,Bill,Vukovich,American,5,19,676,2,2,1,0,0
658,658,Jack,McGrath,American,6,9,985,2,0,1,0,0
659,659,Jerry,Hoyt,American,5,0,602,0,0,1,0,0
660,660,Johnny,Claes,Belgian,25,0,900,0,0,0,0,0
661,661,Peter,Walker,British,4,0,110,0,0,0,0,0
662,662,Mike,Sparken,French,1,0,81,0,0,0,0,0
663,663,Ken,Wharton,British,16,3,772,0,0,0,0,0
664,664,Kenneth,McAlpine,British,7,0,248,0,0,0,0,0
665,665,Leslie,Marr,British,2,0,100,0,0,0,0,0
666,666,Tony,Rolt,British,3,0,94,0,0,0,0,0
667,667,John,Fitch,American,2,0,60,0,0,0,0,0
668,668,Jean,Lucas,French,1,0,7,0,0,0,0,0
669,669,Prince,Bira,Thai,19,8,904,0,0,0,0,0
670,670,Onofre,Marimón,Argentine,12,8.14,458,2,0,0,0,0
671,671,Roger,Loyer,French,1,0,19,0,0,0,0,0
672,672,Jorge,Daponte,Argentine,2,0,89,0,0,0,0,0
673,673,Mike,Nazaruk,American,3,8,546,1,0,0,0,0
674,674,Larry,Crockett,American,1,0,200,0,0,0,0,0
675,675,Manny,Ayulo,American,4,2,765,1,0,0,0,0
676,676,Frank,Armi,American,1,0,193,0,0,0,0,0
677,677,Travis,Webb,American,4,0,558,0,0,0,0,0
678,678,Len,Duncan,American,1,0,101,0,0,0,0,0
679,679,Ernie,McCoy,American,2,0,394,0,0,0,0,0
680,680,Jacques,Swaters,American,7,0,117,0,0,0,0,0
681,681,Georges,Berger,Belgian,2,0,12,0,0,0,0,0
682,682,Don,Beauman,British,1,0,84,0,0,0,0,0
683,683,Leslie,Thorne,British,1,0,78,0,0,0,0,0
684,684,Bill,Whitehouse,British,1,0,63,0,0,0,0,0
685,685,John,Riseley-Prichard,British,1,0,40,0,0,0,0,0
686,686,Reg,Parnell,British,7,9,344,1,0,0,0,0
687,687,Peter,Whitehead,British,12,4,435,1,0,0,0,0
688,688,Eric,Brandon,British,5,0,239,0,0,0,0,0
689,689,Alan,Brown,British,9,2,458,0,0,0,0,0
690,690,Rodney,Nuckey,British,2,0,16,0,0,0,0,0
691,691,Hermann,Lang,German,2,2,72,0,0,0,0,0
692,692,Theo,Helfrich,German,3,0,25,0,0,0,0,0
693,693,Fred,Wacker,American,3,0,117,0,0,0,0,0
694,694,Giovanni,de Riu,Italian,1,0,0,0,0,0,0,0
695,695,Oscar,Gálvez,Argentine,1,2,96,0,0,0,0,0
696,696,John,Barber,British,1,0,90,0,0,0,0,0
697,697,Felice,Bonetto,Italian,17,17.5,813,2,0,1,0,0
698,698,Adolfo,Cruz,Argentine,1,0,20,0,0,0,0,0
699,699,Duke,Nalon,American,3,0,426,0,0,1,0,0
700,700,Carl,Scarborough,American,2,0,283,0,0,0,0,0
701,701,Bill,Holland,American,2,6,314,1,0,0,0,0
702,702,Bob,Scott,American,5,0,611,0,0,0,0,0
703,703,Arthur,Legat,Belgian,2,0,31,0,0,0,0,0
704,704,Yves,Cabantous,French,13,5,522,0,0,0,0,0
705,705,Tony,Crook,British,2,0,75,0,0,0,0,0
706,706,Jimmy,Stewart,British,1,0,79,0,0,0,0,0
707,707,Ian,Stewart,British,1,0,24,0,0,0,0,0
708,708,Duncan,Hamilton,British,5,0,236,0,0,0,0,0
709,709,Ernst,Klodwig,East German,2,0,29,0,0,0,0,0
710,710,Rudolf,Krause,East German,2,0,19,0,0,0,0,0
711,711,Oswald,Karch,German,1,0,10,0,0,0,0,0
712,712,Willi,Heeks,German,2,0,15,0,0,0,0,0
713,713,Theo,Fitzau,East German,1,0,3,0,0,0,0,0
714,714,Kurt,Adolff,German,1,0,3,0,0,0,0,0
715,715,Günther,Bechem,German,2,0,7,0,0,0,0,0
716,716,Erwin,Bauer,German,1,0,1,0,0,0,0,0
717,717,Hans,von Stuck,German,4,0,71,0,0,0,0,0
718,718,Ernst,Loof,German,1,0,0,0,0,0,0,0
719,719,Albert,Scherrer,Swiss,1,0,49,0,0,0,0,0
720,720,Max,de Terra,Swiss,2,0,52,0,0,0,0,0
721,721,Peter,Hirt,Swiss,5,0,142,0,0,0,0,0
722,722,Piero,Carini,Italian,3,0,43,0,0,0,0,0
723,723,Rudi,Fischer,Swiss,7,10,287,2,0,0,0,0
724,724,Toni,Ulmen,German,2,0,20,0,0,0,0,0
725,725,George,Abecassis,British,2,0,35,0,0,0,0,0
726,726,George,Connor,American,3,0,364,0,0,0,0,0
727,727,Jim,Rigsby,American,1,0,200,0,0,0,0,0
728,728,Joe,James,American,2,0,208,0,0,0,0,0
729,729,Bill,Schindler,American,3,0,440,0,0,0,0,0
730,730,George,Fonder,American,3,0,491,0,0,0,0,0
731,731,Henry,Banks,American,3,0,496,0,0,0,0,0
732,732,Johnny,McDowell,American,3,0,325,0,0,0,0,0
733,733,Chet,Miller,American,2,0,97,0,0,0,0,0
734,734,Bobby,Ball,American,2,2,234,0,0,0,0,0
735,735,Charles,de Tornaco,Belgian,3,0,52,0,0,0,0,0
736,736,Roger,Laurent,Belgian,2,0,48,0,0,0,0,0
737,737,Robert,O'Brien,American,1,0,30,0,0,0,0,0
738,738,Tony,Gaze,Australian,4,0,55,0,0,0,0,0
739,739,Robin,Montgomerie-Charrington,British,1,0,17,0,0,0,0,0
740,740,Franco,Comotti,Italian,2,0,78,0,0,0,0,0
741,741,Philippe,Étancelin,French,12,3,490,0,0,0,0,0
742,742,Dennis,Poore,British,2,3,157,0,0,0,0,0
743,743,Eric,Thompson,British,1,2,82,0,0,0,0,0
744,744,Ken,Downing,British,2,0,109,0,0,0,0,0
745,745,Graham,Whitehead,British,1,0,80,0,0,0,0,0
746,746,Gino,Bianco,Brazilian,4,0,127,0,0,0,0,0
747,747,David,Murray,British,4,0,159,0,0,0,0,0
748,748,Eitel,Cantoni,Uruguayan,3,0,79,0,0,0,0,0
749,749,Bill,Aston,British,3,0,2,0,0,0,0,0
750,750,Adolf,Brudes,German,1,0,5,0,0,0,0,0
751,751,Fritz,Riess,German,1,0,16,0,0,0,0,0
752,752,Helmut,Niedermayr,German,1,0,15,0,0,0,0,0
753,753,Hans,Klenk,German,1,0,14,0,0,0,0,0
754,754,Marcel,Balsa,French,1,0,5,0,0,0,0,0
755,755,Rudolf,Schoeller,Swiss,1,0,3,0,0,0,0,0
756,756,Paul,Pietsch,German,3,0,12,0,0,0,0,0
757,757,Josef,Peters,German,1,0,1,0,0,0,0,0
758,758,Dries,van der Lof,Dutch,1,0,70,0,0,0,0,0
759,759,Jan,Flinterman,Dutch,2,0,90,0,0,0,0,0
760,760,Piero,Dusio,Italian,1,0,0,0,0,0,0,0
761,761,Alberto,Crespo,Argentine,1,0,0,0,0,0,0,0
762,762,Franco,Rol,Italian,5,0,136,0,0,0,0,0
763,763,Consalvo,Sanesi,Italian,5,3,205,0,0,0,0,0
764,764,Guy,Mairesse,French,3,0,139,0,0,0,0,0
765,765,Henri,Louveau,French,2,0,46,0,0,0,0,0
766,766,Lee,Wallard,American,2,9,336,1,1,0,0,0
767,767,Carl,Forberg,American,1,0,193,0,0,0,0,0
768,768,Mauri,Rose,American,2,4,263,1,0,0,0,0
769,769,Bill,Mackey,American,1,0,97,0,0,0,0,0
770,770,Cecil,Green,American,2,3,217,0,0,0,0,0
771,771,Walt,Brown,American,2,0,182,0,0,0,0,0
772,772,Mack,Hellings,American,2,0,150,0,0,0,0,0
773,773,Pierre,Levegh,French,6,0,157,0,0,0,0,0
774,774,Eugène,Chaboud,French,3,1,150,0,0,0,0,0
775,775,Aldo,Gordini,French,1,0,27,0,0,0,0,0
776,776,Joe,Kelly,Irish,2,0,132,0,0,0,0,0
777,777,Philip,Fotheringham-Parker,British,1,0,46,0,0,0,0,0
778,778,Brian,Shawe Taylor,British,2,0,148,0,0,0,0,0
779,779,John,James,British,1,0,23,0,0,0,0,0
780,780,Toni,Branca,Swiss,3,0,67,0,0,0,0,0
781,781,Ken,Richardson,British,1,0,0,0,0,0,0,0
782,782,Juan,Jover,Spanish,1,0,0,0,0,0,0,0
783,783,Georges,Grignard,French,1,0,23,0,0,0,0,0
784,784,David,Hampshire,British,2,0,69,0,0,0,0,0
785,785,Geoff,Crossley,British,2,0,73,0,0,0,0,0
786,786,Luigi,Fagioli,Italian,8,32,423,6,1,1,0,0
787,787,Cuth,Harrison,British,3,0,118,0,0,0,0,0
788,788,Joe,Fry,British,1,0,64,0,0,0,0,0
789,789,Eugène,Martin,French,2,0,27,0,0,0,0,0
790,790,Leslie,Johnson,British,1,0,2,0,0,0,0,0
791,791,Clemente,Biondetti,Italian,1,0,17,0,0,0,0,0
792,792,Alfredo,Pián,Argentine,1,0,0,0,0,0,0,0
793,793,Raymond,Sommer,French,5,3,188,0,0,0,0,0
794,794,Joie,Chitwood,American,1,1,136,0,0,0,0,0
795,795,Myron,Fohr,American,1,0,133,0,0,0,0,0
796,796,Walt,Ader,American,1,0,123,0,0,0,0,0
797,797,Jackie,Holmes,American,2,0,289,0,0,0,0,0
798,798,Bayliss,Levrett,American,1,0,108,0,0,0,0,0
799,799,Jimmy,Jackson,American,2,0,248,0,0,0,0,0
800,800,Nello,Pagani,Italian,1,0,39,0,0,0,0,0
801,801,Charles,Pozzi,French,1,0,56,0,0,0,0,0
802,802,Dorino,Serafini,Italian,1,3,80,1,0,0,0,0
803,803,Bill,Cantrell,American,1,0,108,0,0,0,0,0
804,804,Johnny,Mantz,American,1,0,176,0,0,0,0,0
805,805,Danny,Kladis,American,1,0,104,0,0,0,0,0
806,806,Óscar,González,Uruguayan,1,0,88,0,0,0,0,0
807,807,Nico,Hülkenberg,German,184,521,9328,0,0,1,2,0
808,808,Vitaly,Petrov,Russian,58,64,2992,1,0,0,1,0
809,810,Lucas,di Grassi,Brazilian,19,0,769,0,0,0,0,0
810,811,Bruno,Senna,Brazilian,46,33,2199,0,0,0,1,0
811,812,Karun,Chandhok,Indian,11,0,535,0,0,0,0,0
812,813,Pastor,Maldonado,Venezuelan,96,76,4505,1,1,1,0,0
813,814,Paul,di Resta,British,59,121,3284,0,0,0,0,0
814,815,Sergio,Pérez,Mexican,218,926,11993,16,2,1,6,0
815,816,Jérôme,d'Ambrosio,Belgian,20,0,1043,0,0,0,0,0
816,817,Daniel,Ricciardo,Australian,213,1281,11671,32,8,3,16,0
817,818,Jean-Éric,Vergne,French,58,51,2993,0,0,0,0,0
818,819,Charles,Pic,French,39,0,2031,0,0,0,0,0
819,820,Max,Chilton,British,35,0,1872,0,0,0,0,0
820,821,Esteban,Gutiérrez,Mexican,59,6,3054,0,0,0,1,0
821,822,Valtteri,Bottas,Finnish,182,1743,10285,67,10,20,19,1
822,823,Giedo,van der Garde,Dutch,19,0,931,0,0,0,0,0
823,824,Jules,Bianchi,French,34,2,1752,0,0,0,0,0
824,825,Kevin,Magnussen,Danish,123,170,6528,1,0,0,2,0
825,826,Daniil,Kvyat,Russian,112,202,5828,3,0,0,1,0
826,827,André,Lotterer,German,1,0,1,0,0,0,0,0
827,828,Marcus,Ericsson,Swedish,97,18,4900,0,0,0,0,0
828,829,Will,Stevens,British,19,0,926,0,0,0,0,0
829,830,Max,Verstappen,Dutch,144,1575.5,7475,61,21,13,16,1
830,831,Felipe,Nasr,Brazilian,40,29,2224,0,0,0,0,0
831,832,Carlos,Sainz,Spanish,144,568.5,7605,8,0,0,1,0
832,833,Roberto,Merhi,Spanish,13,0,737,0,0,0,0,0
833,834,Alexander,Rossi,American,5,0,302,0,0,0,0,0
834,835,Jolyon,Palmer,British,37,9,1682,0,0,0,0,0
835,836,Pascal,Wehrlein,German,39,6,1996,0,0,0,0,0
836,837,Rio,Haryanto,Indonesian,12,0,611,0,0,0,0,0
837,838,Stoffel,Vandoorne,Belgian,42,26,2207,0,0,0,0,0
838,839,Esteban,Ocon,French,92,292,4855,2,1,0,0,0
839,840,Lance,Stroll,Canadian,103,176,5536,3,0,1,0,0
840,841,Antonio,Giovinazzi,Italian,62,21,3416,0,0,0,0,0
841,843,Brendon,Hartley,New Zealander,25,4,1178,0,0,0,0,0
842,844,Charles,Leclerc,Monegasque,84,631,4346,16,4,11,7,0
843,845,Sergey,Sirotkin,Russian,21,1,1118,0,0,0,0,0
844,846,Lando,Norris,British,63,322,3505,5,0,1,3,0
845,847,George,Russell,British,63,56,3398,2,0,0,1,0
846,848,Alexander,Albon,Thai,41,198,2401,2,0,0,0,0
847,849,Nicholas,Latifi,Canadian,42,7,2234,0,0,0,0,0
848,850,Pietro,Fittipaldi,Brazilian,2,0,140,0,0,0,0,0
849,851,Jack,Aitken,British,1,0,87,0,0,0,0,0
850,852,Yuki,Tsunoda,Japanese,25,36,1192,0,0,0,0,0
851,853,Nikita,Mazepin,Russian,22,0,1008,0,0,0,0,0
852,854,Mick,Schumacher,German,25,0,1249,0,0,0,0,0
853,855,Guanyu,Zhou,Chinese,3,1,165,0,0,0,0,0
